<?xml version="1.0" encoding="UTF-8"?>
<project xmlns="http://www.netbeans.org/ns/project/1">
    <type>org.netbeans.modules.apisupport.project</type>
    <configuration>
        <data xmlns="http://www.netbeans.org/ns/nb-module-project/3">
            <code-name-base>com.weatherComponent</code-name-base>
            <standalone/>
            <module-dependencies/>
            <public-packages>
                <package>com.weatherComponent</package>
                <package>org.json</package>
            </public-packages>
            <class-path-extension>
                <runtime-relative-path>ext/json-20210307 (1).jar</runtime-relative-path>
                <binary-origin>release/modules/ext/json-20210307 (1).jar</binary-origin>
            </class-path-extension>
        </data>
    </configuration>
</project>
