<?xml version="1.0" encoding="UTF-8"?>
<!DOCTYPE filesystem PUBLIC "-//NetBeans//DTD Filesystem 1.2//EN" "http://www.netbeans.org/dtds/filesystem-1_2.dtd">
<filesystem>
    <folder name="Palette">
        <folder name="Components">
            <file name="WeatherComponent.instance">
                <attr name="instanceCreate" methodvalue="com.weathercomponent.WeatherComponent.createPaletteComponent"/>
                <attr name="instanceClass" stringvalue="com.weathercomponent.WeatherComponent"/>
                <attr name="position" intvalue="100"/>
            </file>
        </folder>
    </folder>
</filesystem>
